aea2d53c	Arthas
d24c4293	BadBoyRay
6b7eca97	Badada
34550ee8	Bob
6fe7258e	Chiflis
4c79b231	Coco
abe89a16	Coco
b1f2bc96	Coco	Arizona
5155d29c	DD	Colorado
d9db6fbb	DaNeel
f19beaab	Darkstalker
58efc6c4	Dayyy
cbfa3845	Deepak
1199fb1a	Dexbubba
e818af16	Dexbubba
b9e3bf8d	Doc	South Florida
99113eb0	Dr. Bodybag
edf98d46	DrWatts
ccb48fc0	embo_z
690af32d	FRauDFiSH
c5dec7a3	Fluffy	Minnesota
7254db09	Gorgi
0b3fe2de	Heck	Hong Kong
cfc169ed	Honome
a7449b0a	Hushpuppy
b052f916	Hydra	New Jersey
56f7392a	Ichigo
1739f3dc	JaZaR
35c37a8d	Jakkaru
154f352f	John	Kansai
16a94388	Jon Scheiner
8027d2c9	Jon Scheiner
35e8e775	KVLTYAPKA
b8a33305	Ketchup
0beb127b	Llany
9f8c83ef	MN
acbf85b4	Mage	Tennessee
7fc8d169	Magnet
edbd4da0	Monty
f0a5a4f7	Myth
156f2505	Nemo
b2d0e920	Nyet
a58fdd98	Pango
d2c780e8	Pingeee
aac77717	Prince Ramen
491bdb1c	Prophet
bc9f0287	RenegadeTX
3eee834d	Rens
2039d5e8	Reridse
3570eb1b	Royling
48fab9ab	Sensuell
581d2f8c	Shaddi
62e80a4d	Slime	Canada
60db54be	StepCat
519db717	Stroumbert
ec8d8729	TM7 ZAP
fda4df15	Taternator
504f60d7	Toli
af2fe05b	Tra$h Koopa God
44b9a07c	Trin
48793330	Tropped
27f4881b	Turtle
fc08d954	Wolf	New York
36df3e11	Wpwood
b31bb110	XIFL
dc9c9e6b	XleboMatb
50b18a7f	XleboMatb
1ed2a373	YDelirious
fa3a171f	Young Eevey
076502c1	Hungrybox
2b120752	lloD
2a371960	Zain
1c278ce9	Axe
cddea7f7	Krudo
704535aa	Skerzo
01592d51	Ginger
0948324b	Khryke
6cd178c3	Wally
85b1c30b	essy
85b7dda7	Matteo
a9334987	Spark	Melee
aef2a867	Zuppy
05c05957	moky
20718ad1	Bbatts
0ad21baa	Ben
fbfaae48	Drephen
622b89d3	JJM
98db8330	Magi
5f7a73e1	TheSWOOPER
dbca3561	null
cd9c4528	ChuDat
e1a864f0	KJH
f4a018e4	Lunar Dusk
3f4822fe	Redd
efc0832b	Voo
88547be1	n0ne
56e65e49	Chem
f9976de4	Jaden
750e1ccc	Juicebox
e5eb981a	LuigigoShard
41c65699	Mot$
4aa33225	NoFluxes
a80b0aaa	Reeve
a6b5c3f0	Ringler
136f2732	Stango
6b0c0e06	Wevans
d0ee345e	Bones
3e8fd7e0	Darktooth
ce4714ea	Dawson
543832b2	Fable
2ee173fe	Rocket
50ed99e0	Polish
ca0310c6	MOF
89d7c7da	DarkGenex
7195d612	Majersk
8f723119	Ryobeat
da48ff4f	Mistake
ffe3d3bb	Tyroy
b1913ac1	Elegant
88f41bd2	Percy
9a2e7c33	Joshathan Gamer
2b4b9c1e	Jules	Virginia
e8590c7b	Beastly
083f2f7a	Marss
7ceaa106	Scizor
d9a22251	Destany
db2cb13a	Ferf
c56b433f	Gen
1466a72e	IcyMist
1e9771b8	DarkBlues
bbd4b851	ZD
9539ce78	Dark Wizzy
400a5ca3	Kam Steele
e0b6dc8c	ANTIPOP
39696943	Axiom XL
6ddd28d3	Pelca
c8691c81	Synergy
671d6fd2	Mata-Door
55206a63	Onin
9fb774ae	Maister
7611d833	Glutonny
b0203282	Dabuz
86e42aaa	Kola
03d3a671	Riddles
36ba38db	Ned
a16e8ea8	Quandale Dinglelingleton
2117c0ff	Regalo
880cbc79	Zomba
ca0e602a	ApolloKage
213213f6	Fatality
3351cf4f	Anathema
419ccc4e	ChunkyKong
f43bf52f	Cosmos
2a415fe4	Puppeh
f5b6768a	Skyjay
0d650c15	Tweek
1072c31f	BassMage
284d5644	MuteAce
1e53f5f2	Raflow
d187a98a	Sinji
f32b3276	Tilde
0a66b04b	WaDi
60981a55	Yez
744de045	Beast
a7d34adf	Jahzz0
1e90eb40	Jake
cbd608c0	JeJaJeJa
54a03214	MFA
8c295120	SHADIC
b51c586f	SamteaSilver
0301d9f0	Sonix
0f333fd3	Syrup
53111d6b	Teaser
9c882d5c	Zinoto
b6ad6cde	ram
202e52e8	yonni
498f6543	Brr
91b529b4	ChocoTaco
65467e6d	Clique
2a8fc131	Colorondo8
046ffd13	Geist
9393da2f	Tavares
d2abc42c	Uhh
cf6344b1	comet
2081bbaa	jaredisking1
f4da6f4a	ATATA
77c35d52	Angel
eb65af40	Atomsk
083ed835	BobbyWasabi
71950b74	Bobo
31641a38	Grape
74f4eeb5	Kobe
019acc74	LeoN
18fe06a6	Lukitu
266882d2	Myran
e7f5c365	Nhan
e21e3070	One Crit Man
9160966b	Peabnut
01854808	Peanut
1cbc6e18	ShinyMark
1e9f8443	Sonido
2444ad52	TheMightyDialga
9a7d5f1c	Uncivil ninja
4ae99fc2	Wal00gi
e04c42b1	fawn
70cef5eb	iModerz
264eea39	naitosharp
823fda2c	omega
bf581031	0mart
956af1ec	8BitMan
928538fc	Bananime
c32a7b3b	Capitancito
7c9c856f	Castelia
30a0c4bc	Cee
f281c0d8	ConCon
3e1597a5	Craftis
d790bc67	Ferps
e2b415de	Goblin
a5ff6469	Grayson
1032f2a1	JMafia
039667c6	Karflo
69996f1a	Kiwi
eedb9647	Ludo
4c4b1db2	Mr.Zercon
0895a60d	Mugen
4367c47d	Ogey
bee5b2da	Pharaoh
7133e74e	Pink Fresh
cda3ebad	SoulArts
7c6eb517	SuperGirlKels
6d7c4f3a	VoiD
2eb5fe74	Zie
91a05623	z3
f6224309	ARJAY!!!
ab79deea	Abyss
2b488fde	Alternis	SoVA
4e0f864a	AoS
60e74ebd	ArmyOli
5dda5783	BONK!
1d209db0	Biggymouth
bf537a89	Bray
daf96a04	Demon
33df22f2	Doorstop
798efa7f	Draxsel
e3b0c2cb	Dufaux
a9b0bede	Homika
c7a32988	Jiggs
682944e4	Keen
3acd2373	Kenoca
1d711750	KirbyKid
c44c3205	Kurshaun
126aadd3	Leo D. Haki
60e688e9	MPg
7600e893	Neeroz
7a797d47	NoTag
5bc81566	Phuzix
4bc572d4	Raptor
d48ed349	Ravenking
b086f285	Ronnichu
ad5c9584	SAUCE
ca7ac251	Senn
9759c394	Serenity
5e41b22a	TayJuice
bb02c36c	Soar
7edb38bc	Stocktaker69
f64904ff	Suarez
ad0e7d27	Sumgai
03453cdf	Toad
b10d01ce	Toast
5dfccbb3	Luxa
1d911883	Zen	Nebraska
7c6c2472	varun
40d20b07	AnimalKingdom
23b029c4	Joe-J
15177d52	merf
3f1789db	Gatsby
37a6f6d5	IceKnight
e08d083a	Squerk
d618e2ad	Burst	Illinois
61aefb38	Kurry
3d383799	Rocke
e20c7e52	Yungsz
6cb65fe7	BacoN
7f94e0f3	DKwill
e5875582	G-P
401046fa	ID10T
e58cd431	Luffyranha
86a26d27	Mystic
803c21f9	Dext3r
dc455ae7	KeroKeroppi
b46a1da4	Wizzrobe
9be26cb6	Mariguas
caa5a053	tacos
def4e976	JaimeHR
a27178c3	DTan
e8401570	Isai
481a0dd4	Freean
6e5e0e27	HandsomeTom
12aa3b56	Kimimaru
358e92a8	Kyle Tree
6f18eba1	Shears
7c812182	cobr
46c1f5a5	CTG
3032a4be	Nintendude
2bbb04cb	The Protagonist
557f3676	Joshi
3f01c2d5	LETSGO
96e021da	Shihman
bee9e4d0	SotoH
c44b4f54	Wookiee
721410d1	hydra
c5fe3345	Armada
2c8bf122	Mew2King
d9935e84	Leffen
ed4dcae4	Plup
20192191	Westballz
1f29b440	Lucky
9ee0df7c	SFAT
fbaacb96	Swedish Delight
e408d89a	dizzkidboogie
2a7541ba	Duck
2978e0c3	HugS
4f221ee9	PewPewU
f0a4acfc	Shroomed
57873da1	Abate
888f0859	Kels
f0d57950	Mafia
bc1a73ff	Professor Pro
921ddb19	Adam
80eae732	Colbol
da0dfa11	Gahtzu
de1592e7	Kalamazhu
50336bc6	KirbyKaze
627d644b	Medz
4ac9c774	Reno
d52001be	Syrox
960a0315	Tai
9d8682d3	Zhu
0431e3fb	s0ft
caaa9552	Amsah
172b8fc7	Darrell
3eb51ee7	Eddy Mexico
7980e102	Eikelmann
94b7911b	Fiction
b3c0730c	Frootloop
8c757e19	Iceman
16242720	R2DLiu
a41dbfdc	Vro
f24e0fc9	Zgetto
83950160	SilentSpectre
64d7a02b	Android
0477d720	Alan
f22fe10d	MacD
2b9a620b	Ralph
5db69f24	Wavebringer
9c990648	Rustin
1becd800	Blea Gelo
7841fb1f	Cactuar
1eb904b6	DJ Nintendo
9a3e61b6	Kira
1c710b1c	PsychoMidget
3d0caa63	Silent Wolf
b74f5ee9	Beach
1030f0fc	G$
2e01e174	NMW
86c65f5e	Prince Abu
9f3bdbf6	Ryan Ford
234ce0ee	Bobby Frizz
62634625	Captain Smuckers
a5357a26	Chip
28f0e6ca	Cyrain
1c8e6d93	Daydee
e41dc3e2	FA0
53c53c5d	J666
cad61ca1	Jace
eeef6c7c	Logos
18372372	Q
900c6cad	Shinobi
bc0b743b	Tope
38f61a1d	Vish
216323bc	HAT
a1254acc	pheX
fa04c0ef	satdaddy
8528868d	Ally
099852c8	ZeRo
46e816f9	CaptainZack
85a82016	Abadango
6ec59aef	komorikiri
9a46c489	Ranai
f2c5d405	9B
0d82ea3f	ESAM
62859f49	Larry Lurr
c5e8b49a	Chag
b2c31858	Child
33486e2b	Nairo
87f6f015	Rich Brown
d3324db0	Brood
300f7b1f	Earth
a799efdd	K9sbruce
7472527c	Kameme
40963883	Locus
ddf221a5	Salem
4912f56a	6WX
f6406761	Dath
d59ce0fd	Ito
d3c8009f	Manny
dfe0668e	Nietono
6aa23d15	Shaky
1cfa630f	Tyrant
0afa8c51	Xzax
409ffdb3	You3
3ab7b928	Cacogen
aaaa7ef3	Charliedaking
ded171a5	FOW
39433cb5	Jan
8bdfa0e1	Legit
369f75df	Nyanko
aef168ae	Raito
929d4b9d	Remzi
b6b76297	Ryo
8c017bbf	Samsora
ff18aa5a	Snoop
41bd8f5c	Aarvark
1fb3a5a6	FALSE
b8ddb03b	Pugwest
09a63085	S1
db47f985	Kuro
8d213cca	Captain L
c6099594	Jtails
3c22eae1	NickRiddle
e38bd7b6	Tearbear
09ba72ab	Teb
9376b18f	Zenyou
b7b01e7d	Diablo
d760c23e	Rango
d7c13d46	Solid
494290b0	falln
d8d948f1	Afro Smash
67dab81e	Big D
d2591b08	Braixen
625f08b9	Day
e59d2363	FedVsRafa
a9666b5d	Hackoru
9880fd3c	IC
913015fc	Kei
13f6979c	Lycan
edb9a3b0	Rice	NorCal
1fa4775f	Soronie
5101d22b	Trevonte
e4d2585c	Umeki
e96c383b	King Momo
c514994f	Bananas
879a7b46	Frenzy
e1819477	Michael
885a721c	100 Grand
f93febe3	Jakenshaken
400facfd	Boyd
d301ad65	Forrest
d27d8b76	Holiday
3a4f8a6b	Lord English
11307768	Morsecode762
c0ea1b08	Overtriforce
cbe5cea1	Zamu
fc1200c7	Zeo
765d44a9	shabo
b41b459b	techboy
4f64afb1	Deepz
09cb3e2c	Eggy
d72f2d52	Nakamaman
d216cfb9	PRZ
741002b5	Rik
eb2cf42d	Travioli
21fe8b6b	Vinodh
f738f5e0	Lanceinthepants
8646af65	Slowking
56b4b650	Epic Murloc
3ce5615a	Hatboss
862cfbec	Lunchables
b14d0f68	ORLY
2c3d3959	Casper
9d5134ba	DannyPhantom
2d9a32bd	Blank	Florida
36daed49	LeeT
00b68019	Lui$
6c2f1086	RFang
925a9eda	Wishes
fca68753	Gomakenpi
27c92b90	Juice
2e368ace	Kofi
f524d178	Mystearica
324afd7c	Rags
6d07214f	Ryuga
9be1d185	UtopianRay
fbea44e9	sinnyboo242
c648bbbb	ven
eee304fd	BlazingPasta
f8609c49	DM
e8f0cdcd	Gackt
42f99780	Loaf
9f0cae57	Lucky	Minnesota
2b249d29	Mudomo
c0ff0db4	Ozone
7c5a4a96	Panda Bair
2ce71dd8	Bushi
f60c6b63	Juanpi
cee48cf8	Pazda
3ae3a4da	Pilgrim
2103512f	Shoe
4e19d897	Skilly
4d3f40ce	Biddy
4abbb3b8	DRO
e02c1b19	Dingus Joe
dd2a489e	Hawk	Connecticut
934aa7d1	Magister
e766e62d	NickC
60a94312	Nurse
0f794c57	Pipp
e7761828	Skorpio
8eef2d74	Mikee
9adc1d71	Daybreak
276b2b88	Makibaz
845db6d2	Odyssey
b5db9000	Fons
957ea377	Fwed
a5f1537f	Marshall
2ca45ca1	HAM
5ed2d3b6	LunickTMM
48396ec0	SlamSHADY
1802c45d	Adorable Knight
70f87c48	Chrismus
8c761f8f	D-Money
900e8b71	DarkMATTer
7f2d0588	Dux
c497afff	Fye
f021ef00	Hex
5a5f42d2	Jut
c34a1624	LemonTea
bc9df7db	Miloni
19acd919	Mr. Escalator
7e3aca4e	Rickles
72e9b4dc	Starman
bfa7f3f0	Malachi
a21601e0	ThundeRzReiGN
e572f5c6	Pikmon
1c10f051	Switch
c98baaa6	Drugfreechu
1a00854c	The Doctor
e3086178	Ivayne
5a13ee71	Junebug
bdb9c242	Sothe
9555bbbe	Cala
6179849f	Twisty
526376fa	Bubbles	New York
3c251b93	Chevy
812cd883	Dirtboy
c68faa6c	Fearless
80c69222	American Bowser
caf75306	Cloudburst
a54d9682	Ellipsis
de23f43d	Poilu
b6acff1e	Silver
c8651cb1	metroid
bc2c1e84	FlashingFire
bfbc2ce3	Sneez
3225d0ea	Tealz
830dec1e	acola
ab90c078	Tea
9568f351	Yoshidora
993a6b60	Shuton
7098c985	Toura
d6657d35	Atelier
ffa84c87	Asimo
8881ab7d	KEN
db6ec18d	Munekin
181880b7	zackray
88c26d6b	Kaninabe
51991ec3	Harasen
d8016ec8	Miya	Honshu
e3021993	Jagaimo
0910174c	Kome
fd635518	Rizeasu
9b3c0744	Noi
deb476b0	Shirayuki
dba21096	Hero	Japan
a9313f6e	Sunea
347db83d	Lea
39ce7d25	Yn
88be6184	takera
755e1bd3	Taikei
61a4f787	Fui
f3d4fad1	Akakikusu
1126f57d	Manzoku
95d23132	Eim
bd2ad28b	Jdizzle
12383460	Kirihara
c8cc35c8	MASA
5f19eb43	Nao	Hokkaido
c85ce835	Sigma
0526d8c7	Suinoko
2f83de7d	chiro
f8d9b188	Kaeru
56bd768d	Mottsuan
14757eac	Ryuoh
2f69f3c8	Repo
a9bb9249	Ace	Japan
3e9d9aa9	Omuatsu
5e9efb3c	Yaura
5b8556fc	AC
7b0a593e	Choco
07a754d8	Gachipi
95a90b8f	Huto
98c978f4	Lv.1
32282de7	Ly
c014512f	sssr
07b0ee31	takoman
e5f1f16c	yuzu
0aa4bc3e	Oi, George
40f8c511	Kyou
1d1ba3eb	Latte
50b1e9a9	Rarukun
a4dd9816	8Mitsuki
f199a063	ALtek
f5c547c0	Masashi
beda23c1	Noluck
1a21af55	Phil	Japan
2960afb9	Toriguri
e1a1e202	Te-sHi
11b43c66	Tsubotsubo
ab7e4bdf	nagu
a7816fdf	shion	Japan
add868f3	Otsu
826549ba	Obi	Japan
a4f9729b	Kamisuke
434d4131	Kisha
f2633635	TamaPDaifuku
0767b98d	Futari no Kiwami Ah~!
2c058878	M0tsunabE
c0a802b7	YamaD
d6c08f42	Kyon	Japan
8f5104a3	Gorioka
f92a0816	Sho Limit
1849a98a	Nyaha
902ef190	Yamanaction
344aca94	Lax
3644910e	Rarikkusu
f4f5bec7	Luminous
2bd6f5c9	Arika
f24cc9ee	AyaLin
f43bde97	hayaT
3eb6646e	Hikari
5014022f	Kei
a3fe0f5e	MTK
feda9bde	Marcos
f120041f	Nanchan
058e05d7	kept
191bd40e	Ekaki
4328fa7b	Ohtaku
2a968433	Konokururu
12f57062	Tamakasu
75a3e5c1	Dosue
13f6e0d5	Yone	Honshu
284b08b4	Riteshia
e4787f10	Reno	Japan
f2ef9aca	Tet.
31b5614f	Tom
934c036c	Vanilla
6f9c80ca	Lapi
5605d634	Rimu
873835ea	Rokki
550cc4da	CAPURICO
ee5c9cda	Fsann
8b2a31d1	Gomamochi
50deb3e0	Ike
35dc5dea	Imokenpi
2a02d2bb	Ke-ya
c5ca7385	Leaf	Japan
504bd0fe	Mao
28374e46	RYO
b98e8754	Ryoga
5f71c6b3	Shinnnnnji
4b7ef454	T
5676a0fb	TKM
e5d6432e	Tarakotori
42a02c1e	Uraomote
aecedc64	YOC
f746f0c7	akasa
d8586cb2	alice
3aa7e76b	momon
bea3394e	shori
45cdc026	tama
f1773628	Oshushi
8fa155bc	Kashiya
837496e8	Kurumis
b4dfe6c2	Kuroponzu
cc47ee9c	Kei Nin
321e64be	Gekkazuya
7abb46e0	Saketora
8c7c036f	Syumai
e6e102ae	Shirube
fa4c9ad4	Jagame
2bbe929a	Senra
3e427d79	Tiger
690c51c5	Tora
5ef00ce7	Nizemamo
b2efbe58	Hidaka Drapion
d182c0f5	Hiroki
650d720d	Furu
7625eea1	Fuwa
a99b9ddd	Metara
fc61a708	Mokumoku
b7679004	Mossan
4fa2edcc	Rima
1225d285	Renami
e0a3758b	syadou
ea279d0b	Suga nandesu
838fcf91	Tyakku
ae9132a9	Tsubaki
c144d0b7	Nata
9aebb112	Lightning Igarashi
56705678	Hideyoshi
bf19be9d	Yanbu
f43678b2	Aklo
3d48f6c2	KoDoRiN
ab9310d8	Mekk
d865e317	Panda	Florida
bb350926	Franz
d7273965	JCAM
83ae3b53	Sirmeris
fb51e987	TheRealThing
985d6ac2	Kalvar
8aff27a6	muro
227a75c8	DrLobster
8a47edf2	Maher
760514b0	Preeminent
ad1f6c63	ckyulmiqnudaetr
f597ae7c	Arkouda
f161986f	686M
a59fec7b	Player-1
0b791347	Hoenn
b5e5d52e	Cody
67d4df46	Gunnermaniac
09d941c3	Mikeray4
2499293f	Lux
203e7d43	Bike
a2598dd9	Kyoz
44696cc0	Iota
5803fd1e	Ish
10678221	Fino
4db59dbc	Gardex
6f42c69d	Hinkage
bba4ef32	Max Power
b5a1d2fa	Arch
36fb65e9	TempesT
78096d51	mario128
d6abfb2d	Machu
81d4b56e	BBW
53825cd2	WonderBread
d59004ad	Kurama
91a7bc9d	Pokecheese
d4dc18c7	Logan
2824e41d	VaLoR
6839ebd5	Neo	Japan
e6d10518	DDee
efabe54a	AndresFn
88c50121	Chase
5dba9df5	Ouch!?
5404a92e	Chronos
b78faa57	Tarik
63ad632c	WebbJP
caa4dcbf	Deathspade
a9ab0c5a	Vendetta
4fdc7279	MoDzai
b5230de8	Sparg0
a9a807ad	Steffen
3baf4fc3	Wildz
77844a47	Yoda Cage
e848a860	Antimony
2a6e2371	Armadillo
2a73bb08	BeastModePaul
0cb5b852	C.Kaleb
9d316b30	Creepooba
e4e8af6f	Dany	Tennessee
680ce885	Justice	Washington
5d39ffe6	Lemmon
29ba7863	MopN
6c77f286	Riku
b7112875	Smirk
9406da89	Tachyon
c28aec41	crêpe salée
f5b9a0d2	elijmin
4fe308bb	frawg
26e26b4b	Alo!
8ab183e1	Atomic
0b7e989b	Axel~
95ce5497	CaptainCRUP!!!
5d4b2506	Chunky
66095fb5	Dakpo
98818289	GoofyGoober
f1e574a7	GuyGuy
a4b1cee4	Jordan
726d1e3d	NaetorU
fdb1e918	Splash Daddy
f8c43711	Wasabi
38013c4c	BeatyBean
1a6a3759	BlitzLuigy
6726bbe2	Burst
c3e4ea64	Crash101
0d4d7f40	DJDon
eba71b53	Dominator
d42f9060	Grymlynn
9e2abab0	Infiknight
9f578cc6	Konga
3e47a8b2	Kreeg
b26c2ab1	Lima
f5e612fb	Momon
c1598d33	PsyKoD
449d5820	Psysilex
f1f0b989	Ray	Texas
3de8369c	Salty
a28e77f6	SlushieV2
75a4e290	Thass
ee638923	Tony Pajamas
28bd218b	boosk
f87dc10c	firefly	Louisiana
4ed1ddf3	smasher1001
c8e1133a	smub
3acfb161	Atreus
2177872a	lolyoshi
69fbcf88	Justin23
52c7b5fe	TemporaryPlan
20426b64	Enki
2536ddaf	Kuracow
3225de64	RiskTKR
6343e4c5	Adachi
4b56197c	ZeroTwoNone
d130f272	Mercury
065a4462	Otakuni
0d2a74af	Nitox
31586aa1	Sinogara
29aaf351	VinS
ba63f1ae	Yatta
cb8b8bda	Yazagi
17afe34e	Bloom4Eva
fa5d2535	CurryGovernor
9dced9ef	Deon
892a2c3e	Jaxter
e6004b12	Lucretio
b0fc8d7b	Moke
94865cdf	Nades
dcbf6256	RAMBOSS
9ee9f1b9	SBF
e15ca11d	Antireflex
d97cea08	Azrael
43749864	Loading...
7368a653	Paint
3a2ef487	PurpleDebo
b3a7a650	Supahsemmie
d0ca0f26	TripleAAA
90ee79f4	WhYYZ
aaea4a5d	An Actual Egg
f9b7ec01	treehugger
d25c9a8e	Light	Germany
4be011de	Lucky	Germany
6ebea37b	RobinGG
08c529c7	Snormanda
ce0f3bfd	Takeo
de5611d9	cyve
a488aa5c	quiK
e09df897	Baali
70b0485c	Dinamirer
8e5fd6eb	El Bardo
be108af9	FriskyCissin
79c48bd9	Genarog
e1a5fc55	J	Norway
456d4ee2	Lunner
bceacf72	Meercko
aeb591f7	Mint
30d4efac	NFL
c9b52086	Pand
67df2de4	Pepo
b8cb59a6	Porké
ad7307f4	Rage
f817983e	Shüan
ec8e47fa	Ton
db3f1b1c	TunaLink
12187717	Vidad
b6bcb70d	firstbones
760c5a71	marcpq
241c7e9d	BigLord
595aacf1	Daze
792ef557	Dia
21b3abe6	Eedwarddi
bdf4b4b6	Geeni
e02fbdb4	Hackle Serpent
24013ffc	Iberyes
f8b1191f	Jaka
e8c6d0b6	Kakpu
b4f4c2f9	Kami
b0b0f7c9	Kass
677f83d3	King Funk
1ba7cbb4	Klemenz
03cf150c	L-T
a18e37a5	Lancelot
bcbc0c44	Maikol
d997f92a	MatCarron
1dd70877	Mohi
5.78E+94	Nibodax
693f4653	Osk
4e8f81c1	Raaban
28876ac5	Sacha
e0977d2d	Sintro
55b32fb5	SkWiirrel
39b999b2	Skarfelt
518faee6	Smuff
2b2d8751	TraX
51e425ff	Xetroz
b94b969d	Yannwatts
e6263f7e	Yetey
af784a4f	ZartZu
cdbf4251	Zekip
c6613edb	Zerin
1a8572a0	buzi
298b8976	otek
9e0f92c8	Tsun
88098274	AirLi
65c9313c	Fairy Seal
ffc064d1	Gumanku
ae7cf1e0	HoneyWobbles
afc3983f	Lkos
e857ed8e	Regal
06e1df7e	Solar
427f6eb2	Noodle
3cf99bc6	Drunksloth
2df9bdd7	AbsentPage
17387365	Jerry
18c49c67	42nd
2af94895	Kaeon
9520ba03	GCS
16da8856	JustJoe
14e2286e	Sanne
2105578f	Vist
cf0c24c0	Davemon
d529de69	Free Palestine
ecb7937d	Heartstrings
35db8a95	HiFi
b2734281	Sharkz
604b3e28	Tempo
96511aee	Cob
d015f9e9	Cool Lime
b2c70bbb	Crunch
16789523	Kounotori
9cb075d9	Lanceinthepants
3cdc0a83	Nagy
fcc78b5f	Peanutphobia
01de3733	SypherPhoenix
379d0d3a	Ether
af2941a6	Seagull Joe
39c1e687	Toronto Joe
1cb5a0ff	Gunnermaniac
cfcc177c	Zan
b9040c8c	Luigisama
71f7a527	Figy
d3eff7c2	Tantalus
82daa541	Momo Ari
628a26e6	TaleOfTheToaster
05281cc4	MagiMagi
a9a95c3b	Donquavious
9e90ab19	Wrath
f3b71dbc	Glare
fd65d846	NameLess
c897b2c7	Oatmeal
322bfa9c	Drystan
f3b40a66	Kip!
22d1cd94	Percy
60677c34	Promaelia
e56698ec	Ramses
2e8c0277	Zephyr
ceac381f	Xaltis
ba35c757	AZ
0cc8f4db	Cagt
a4bd9de2	Danye
502b60b0	Mekos
3c25ba1e	RFang
6dd75fd8	Pain
5708a447	SETHsational
23aee931	Sidereus
6f1bb74f	Uno
cfd56d0f	Black Yoshi
a34f75c3	Vermillion
98c0b1a8	Trif
39493041	Nicki
208a92b0	Pricent
41eeac9f	Vanity Angel
07789e37	Eekim
d7b2777f	MINT
db80b5b3	Tekk
e107c87c	UnHaven
55d886ab	Fuzzyness
bef26c02	Isdsar
12962953	Mahie
d4f9ea86	Timi
b2d788c3	nebbii
0bd193dc	Fatman.Spam
21fe1cc4	Kaese
8c9a032c	SchlimmShady
9a69eb56	Sverre
07477173	maXy
d42f809c	Charlon
095fb529	Charon
31ef9e0a	Dev
c12b7e00	Feradit
65a72054	Kriz
a9152edc	Paju
3eab8feb	Pasi
67f4fd6c	Pipsqueak
bffc9ee0	Samplay
90d3f8c8	Zorc
8c891b60	gLory
775ea0a7	Alpha Dash
a9bef5ec	Fat Tino
47c5c6f3	Fauster
29a3f828	Humpe
72b351ac	Jerk
2ee1aa43	JiM
37cf7b70	Mawacate
b3be0e59	Okameed
64d60338	Phade
d1c382ec	R23
36ff33f5	ShiftingShadows
40538333	Stivo
0fead74c	Vincessant
da22f60e	Zoler
06894449	astar
ab58d3c1	yogui
941aeddc	Vdogg
3fb6d39f	Focus
a79e9a40	Toph
524b5ea6	Blaze
5878fbac	Kellner
c30b51d7	Prinz
0c02b800	Sixx
c478d3e4	Yabasta
81bffed5	Atlas
04e5009b	Jim Morrison
aaccb8bb	KasparV
eef52167	Nukidin
4d5763a3	Renzo
8c417894	Epikfaal
77bbc61d	NintendOrk
9c1daa20	SaiX
2c3896c9	Taka
ee7467f2	Baron Brody
e7f90ea9	Deathgazer
c1cf07e1	Laurster
86e1d3bd	Alox
9058ef17	Baxon
5e93ab00	CC
5522d0cb	Dayman
b5e50601	HaunteR
05e6a1fc	NamiNami
a7ca56fb	Salepate
9d610fb0	Setchi
3617c04a	Verdant
58188603	WMK
aeb35c75	Alain
4dbeb506	Glaikit
03c89dce	Guacamolio
1d513c0b	L	NorCal
96ad1db5	Janitor	SoCal
309b0773	Maples
51cc0993	Swift	Maryland
34ffea4c	AppleWiz
0272d810	Elam
ead0e622	isohel
be95a3f0	Josh Brody
4dc8af31	Mercy
3c3e7837	Madrush
80e28a51	Faceroll
138825ed	FatGoku
458caf88	Connor
111e164f	Xara
0e960b3c	Wenbobular
ca50cbcd	Javi
bb9d431c	Viviff
f60dc935	MrConCon
3b15035f	Klaatu
0260072e	Firefly	Canada
08ae503c	Laid
d6b90145	Regi Shikimi
c8d91de0	Virum
990fb5a2	Virus	NorCal
d8495c70	Kürv
98d5f095	moxi
c8b1cf00	Twisted Ego
ab68c2cf	Strikeyguy
a38a2d71	Clovers
d4a15921	Aurokon
a24d9228	Sandy	Nebraska
de8602f2	WelfarePickles
bed024a6	Meden
e9b35d07	hdk
43a59292	Roxas
9802b124	Akimi
78904572	SipMastah
12e7412d	Nogh
45f810b8	Wish
206b1cdb	Mr.Watch&Learn
dbae7287	uame
00126536	Ocha
9ddc7e3b	BeJay !
bcf89b42	Mukuro~
aa62b6dd	Forze
05235dbc	Marcbri
12b57c44	Sr_Peuva_
bbbc0c60	THE SCHMIXTAPE
e22e9dee	Melih
1d31a746	RoxieRabbit
b5a6011d	Yiazmat Goat
d1888d90	Nymphia
507c2bde	Uncle mojo
2f71c588	Cpt Darling
cc108e3b	RipplePuff
23c13d31	Secret
6fdda46e	Lames
684beddb	Kota
104bbcc1	Jesse Tranum
60c77e9c	JOE UMEROGAN
0ddb7c46	Dazai
9ce6c429	Little Bear
ae822819	TimeMuffin
f48162c2	Clemens1100
4b7b3e2a	Kobobi
b50b5f13	mayhem092
4d13de24	Poppmaister6000
08d67b9f	$TYN
9e4c79f9	Yogurt
ce975c08	Enerj
1c97bdae	Mango
5880e6cc	Rishi
8ab7ba54	Bobby big ballz
1963abbd	Jesse Tranum
5d095ed5	Marcus	New Jersey
f1cdb77e	WhyDo
82218436	Mega
574b3c34	Scend
9d3c5f81	ralphie
e2974569	Light	Connecticut
3f297e74	MkLeo
3f44b63e	Aaron	Florida
f8345700	Ling
ea8bf79c	Mr. E
60bedceb	BigBoss
8cacea70	Jakal
e97f144e	sisqui
12dc6721	Rivers
26a5bd98	JW
32cc7c09	MINTOS
10f6d095	skittles	Iowa
3003dea7	Ms.Saiyan
305cdb99	SuPeRbOoMfAn
3be89a3c	NaCl
91bba761	Zero	Texas
69fec8dd	Darkhorse
84852dbc	Bard
9c12a91a	S2J
00686ff6	ARMY
1ccacea1	Druggedfox
3e81f5cc	Santiago
83cd2e7a	Ice
a093a39d	MacD
eba90709	MikeHaze
6bc4806f	Chillin
301eaf56	Slox
aa18a4a6	Bladewise
667be543	Tafokints
613bfa00	Darkatma
190c4a70	Rocky	California
f6f2fab9	Ka-master
6ef79c21	Vortex
2df8b2c9	Mr.R
8c653d06	ANTi
7be9196d	MVD
00ced12a	NAKAT
84a1cccd	AeroLink
ba59c82a	Raffi-X
8956b71c	Darkshad
588cb824	The Wall
13704729	FILIP
cfe7a825	aMSa
da8b9c25	Cody Schwab
58d36862	2saint
87bbf45e	billybopeep
239feeff	Nut
394e8491	Fizz
d79acab0	ScAtt
944419cd	Seth
349bac7c	Darkshad
e477d83f	BooBear
b35c7796	EarlofM
a9660570	PowPow
b4c96d80	EmuKiller
9ecf6867	DIO
b905cb9a	HIKARU
add6f8e4	KaPMk
1ba7710a	TRIGGER
2122f3d7	Rain
ec914d21	MeiKi
c3e27b2e	mvlvchi
da2f846a	Chia
570db86b	Dawn	Ohio
5b98dbba	T3 DOM
5be04182	Longo
e26e3aca	Rinor
98dcf299	ForTseKe
4aa47be5	MVL
26bb07d4	ThymeBalloon
7519c50e	DreeGon
0b91620f	Luigi player
ee15f090	SickBoy
ba192c57	YvelX
c4198d13	Moe
4d416364	Djagof
db68c2cf	Random-Ness
4137619c	bandi
a221a4cf	voff3
1cb9b524	GAWes
76cb5957	ImperfeCt
bcdc0991	MilkMan
b2029ba5	Cyel
f37be93b	Blacktwins
2e0c6f1c	ghostbelle
9d88138d	Candle
8660a0ae	HENRY LUMA
6aa40c20	Oolong
cbffc0c9	Minty
e39fd311	NWA Danbi
f6c851b8	C!Z
6b4142e2	La Luna
0486ffb0	YungWaff
a1fa230d	Sho
30154826	SS
4967ff46	FoutNL
74f7b5bd	Stroder Ame
206f3c6e	PiXL
bf3dabaa	sammm